{"is_source_file": true, "format": "md", "description": ".md file: README.md", "external_files": [], "external_methods": [], "published": [], "classes": [], "methods": [], "calls": [], "search-terms": ["README.md", "md"], "state": 2, "filename": "README.md", "format-version": 4, "code-base-name": "https://github.com/kavia-common/simple-to-do-list-manager-8115-8124.git:kavia-main", "knowledge_revision": 3, "git_revision": "c7aa22c56a33d4854293c7ef5468b983ce7496cb", "revision_history": [{"3": "c7aa22c56a33d4854293c7ef5468b983ce7496cb"}]}