{"is_source_file": false, "format": "", "description": "", "external_files": [], "external_methods": [], "published": [], "classes": [], "methods": [], "calls": [], "search-terms": [], "state": 2, "file_id": 7, "knowledge_revision": 24, "git_revision": "fa20a1fa5669eb3a380023dd13d6d9896cce2bdc", "hash": "d001d53c059625c4bcf75bf5a7f3fcf0", "format-version": 4, "code-base-name": "todo_frontend", "filename": "todo_frontend/package.json", "revision_history": [{"24": "fa20a1fa5669eb3a380023dd13d6d9896cce2bdc"}]}