{"is_source_file": false, "format": "", "description": "", "external_files": [], "external_methods": [], "published": [], "classes": [], "methods": [], "calls": [], "search-terms": ["CSS", "theme management", "dark mode", "Responsive design"], "state": 2, "file_id": 5, "knowledge_revision": 15, "git_revision": "fa20a1fa5669eb3a380023dd13d6d9896cce2bdc", "hash": "22f9e17cc1848b56dbb244518ac2707e", "format-version": 4, "code-base-name": "todo_frontend", "filename": "todo_frontend/src/App.css", "revision_history": [{"15": "fa20a1fa5669eb3a380023dd13d6d9896cce2bdc"}]}