{"is_source_file": false, "format": "", "description": "", "external_files": [], "external_methods": [], "published": [], "classes": [], "methods": [], "calls": [], "search-terms": [], "state": 2, "file_id": 11, "knowledge_revision": 25, "git_revision": "fa20a1fa5669eb3a380023dd13d6d9896cce2bdc", "hash": "ebece526bc2eadd78ddd787a76c56607", "format-version": 4, "code-base-name": "todo_frontend", "filename": "todo_frontend/README.md", "revision_history": [{"25": "fa20a1fa5669eb3a380023dd13d6d9896cce2bdc"}]}