{"is_source_file": true, "format": "JavaScript (React JSX)", "description": "This file defines a React component named 'App' for a frontend web application. It manages a theme state ('light' or 'dark') and provides a toggle button to switch themes, applying the selected theme to the document. The component renders a header with a theme toggle button, a logo image, instructional text, current theme display, and a link to React documentation.", "external_files": ["./logo.svg", "./App.css"], "external_methods": ["document.documentElement.setAttribute"], "published": ["App"], "classes": [], "methods": [{"name": "App()", "description": "React functional component that manages theme toggling and renders the interface.", "scope": "", "scopeKind": ""}], "calls": ["useState", "useEffect", "setTheme", "document.documentElement.setAttribute"], "search-terms": ["React", "theme toggle", "App component", "useState hook", "useEffect hook", "theme switching"], "state": 2, "file_id": 3, "knowledge_revision": 18, "git_revision": "fa20a1fa5669eb3a380023dd13d6d9896cce2bdc", "ctags": [{"_type": "tag", "name": "App", "path": "/tmp/kavia/workspace/code-generation/simple-to-do-list-manager-8115-8124/todo_frontend/src/App.js", "pattern": "/^function App() {$/", "language": "JavaScript", "kind": "function", "signature": "()"}, {"_type": "tag", "name": "Switch to ${theme === 'light' ? 'dark' : 'light'} mode", "path": "/tmp/kavia/workspace/code-generation/simple-to-do-list-manager-8115-8124/todo_frontend/src/App.js", "pattern": "/^          aria-label={`Switch to ${theme === 'light' ? 'dark' : 'light'} mode`}$/", "language": "JavaScript", "kind": "field", "scope": "App.aria", "scopeKind": "class"}, {"_type": "tag", "name": "toggleTheme", "path": "/tmp/kavia/workspace/code-generation/simple-to-do-list-manager-8115-8124/todo_frontend/src/App.js", "pattern": "/^          onClick={toggleTheme}$/", "language": "JavaScript", "kind": "field", "scope": "App.onClick", "scopeKind": "class"}], "hash": "b55dd9e6a018e59207d8e277dffd9e11", "format-version": 4, "code-base-name": "todo_frontend", "filename": "todo_frontend/src/App.js", "fields": [{"name": "aria-label={`Switch to ${theme === 'light' ? 'dark' : 'light'} mode`}", "scope": "App.aria", "scopeKind": "class", "description": "unavailable"}, {"name": "onClick={toggleTheme}", "scope": "App.onClick", "scopeKind": "class", "description": "unavailable"}], "revision_history": [{"18": "fa20a1fa5669eb3a380023dd13d6d9896cce2bdc"}]}