{"is_source_file": false, "format": "", "description": "", "external_files": [], "external_methods": [], "published": [], "classes": [], "methods": [], "calls": [], "search-terms": [], "state": 2, "file_id": 1, "knowledge_revision": 14, "git_revision": "fa20a1fa5669eb3a380023dd13d6d9896cce2bdc", "hash": "6c2104b8d219ed99234ae2d6329f4357", "format-version": 4, "code-base-name": "todo_frontend", "filename": "todo_frontend/src/index.css", "revision_history": [{"14": "fa20a1fa5669eb3a380023dd13d6d9896cce2bdc"}]}