{"is_source_file": true, "format": "JavaScript (React)", "description": "This file is the entry point for a React application, responsible for rendering the root component into the DOM.", "external_files": ["react", "react-dom/client", "./index.css", "./App"], "external_methods": ["ReactDOM.createRoot", "root.render"], "published": ["React", "ReactDOM"], "classes": [], "methods": [], "calls": ["ReactDOM.createRoot", "root.render"], "search-terms": ["React", "ReactDOM", "createRoot", "render", "index.js", "entry point", "React.StrictMode"], "state": 2, "file_id": 6, "knowledge_revision": 21, "git_revision": "fa20a1fa5669eb3a380023dd13d6d9896cce2bdc", "ctags": [{"_type": "tag", "name": "root", "path": "/tmp/kavia/workspace/code-generation/simple-to-do-list-manager-8115-8124/todo_frontend/src/index.js", "pattern": "/^const root = ReactDOM.createRoot(document.getElementById('root'));$/", "language": "JavaScript", "kind": "constant"}], "hash": "9fc5841375336fc175b49f8767a11383", "format-version": 4, "code-base-name": "todo_frontend", "filename": "todo_frontend/src/index.js", "revision_history": [{"21": "fa20a1fa5669eb3a380023dd13d6d9896cce2bdc"}]}